"","retail_and_recreation_percent_change_from_baseline","grocery_and_pharmacy_percent_change_from_baseline","parks_percent_change_from_baseline","transit_stations_percent_change_from_baseline","workplaces_percent_change_from_baseline","residential_percent_change_from_baseline","StringencyIndex","Country.Region"
"rho",-0.601566746649844,-0.267228796133253,-0.120414894853449,-0.705699179544348,-0.433260405598927,0.621273279575327,0.702708645047062,"Denmark"
"rho1",-0.642433627608885,-0.4212524840119,-0.255202353077039,-0.644536399430586,-0.28134425410309,0.586126052715893,0.669701419676552,"Finland"
"rho2",-0.379467513067052,-0.162356673454875,-0.119077788642463,-0.556792126631724,-0.45604847954164,0.601488563182205,0.62766057474999,"Norway"
"rho3",-0.488387450796125,-0.18583220933076,0.00430358846175307,-0.684588439429757,-0.288936618871001,0.577864327080302,0.827063508882884,"Sweden"
