"","retail_and_recreation_percent_change_from_baseline","grocery_and_pharmacy_percent_change_from_baseline","parks_percent_change_from_baseline","transit_stations_percent_change_from_baseline","workplaces_percent_change_from_baseline","residential_percent_change_from_baseline","StringencyIndex","Country.Region","V1","V2","V3","V4","V5","V7","Stringrho"
"1",-3,-22,-27,-7,-3,-7,-1,"Denmark",-0.664904720262415,-0.491389137658032,-0.524660160537885,-0.730946755437052,-0.45696661092578,0.646561036740071,0.711294455245501
"2",-10,-16,-28,-11,-7,-13,-8,"Finland",-0.708543618137378,-0.58409689741946,-0.56495054082653,-0.724269855317986,-0.322763205913951,0.688371165116803,0.725280762385515
"3",-12,-23,-25,-7,-7,-7,-2,"Norway",-0.610027889618187,-0.469734559150747,-0.546363788567364,-0.602418887103654,-0.468676339704737,0.625040360195773,0.633246633753961
"4",-18,-26,-28,-7,0,-6,12,"Sweden",-0.670825796597296,-0.340493417433327,-0.705439121884517,-0.716982229714223,-0.288936618871001,0.607291658538051,0.926604221994141
